reference_name,start_range,end_range,count,total_count,proportion,z_score
JYDN01000171.1,68000,92000,376,982,0.38289205702647655,6.329920655562943
JYDN01000012.1,261000,284000,319,1636,0.1949877750611247,7.765796422983719
JYDN01000019.1,93000,114000,152,1006,0.15109343936381708,5.83369170617404
JYDN01000111.1,123000,148000,166,682,0.2434017595307918,5.489108088884306
