reference_name,start_range,end_range,count,total_count,proportion,z_score
JYDV01000009.1,39000,67000,268,919,0.2916213275299238,5.477892820156134
JYDV01000111.1,5000,27000,376,1274,0.29513343799058084,5.38090613646574
JYDV01000084.1,71000,97000,106,298,0.35570469798657717,5.562449287774828
JYDV01000019.1,305000,329000,81,341,0.2375366568914956,5.609194283959881
JYDV01000023.1,212000,235000,422,1272,0.33176100628930816,7.369876096571419
JYDV01000012.1,112000,135000,61,198,0.30808080808080807,5.754669787807715
