reference_name,start_range,end_range,count,total_count,proportion,z_score
LN902844.1,9396000,9417000,3014,10660,0.2827392120075047,6.3376401617122005
LN902844.1,10923000,10948000,3410,10660,0.3198874296435272,7.197475395026343
