reference_name,start_range,end_range,count,total_count,proportion,z_score
JYDV01000111.1,5000,27000,371,1269,0.2923561859732072,5.473546036624034
JYDV01000023.1,212000,235000,423,1262,0.33518225039619653,7.497951562541402
JYDV01000009.1,39000,67000,264,928,0.28448275862068967,5.658513763616544
JYDV01000019.1,305000,329000,84,330,0.2545454545454545,5.576613660172306
JYDV01000084.1,71000,97000,106,297,0.3569023569023569,5.142206326140247
JYDV01000012.1,112000,135000,68,200,0.34,5.445305620113462
