reference_name,start_range,end_range,count,total_count,proportion,z_score
JYDW01000111.1,13000,39000,530,1921,0.275897969807392,6.318239132404259
JYDW01000140.1,2000,72000,292,1438,0.20305980528511822,5.529306139478885
