reference_name,start_range,end_range,count,total_count,proportion,z_score
JYDM01000006.1,240000,279000,223,417,0.5347721822541966,5.523879601454821
JYDM01000009.1,449000,474000,68,205,0.33170731707317075,5.160668203348131
JYDM01000011.1,94000,119000,224,479,0.46764091858037576,6.078319137804826
