reference_name,start_range,end_range,count,total_count,proportion,z_score
JABSTQ010009658.1,95000,119000,31,106,0.29245283018867924,5.2469809871090805
JABSTQ010009418.1,3085000,3110000,10,134,0.07462686567164178,5.70270966610265
JABSTQ010009451.1,3840000,3861000,9,113,0.07964601769911504,5.240951089377701
JABSTQ010011494.1,331000,355000,23,102,0.22549019607843138,5.2918071005306775
