reference_name,start_range,end_range,count,total_count,proportion,z_score
JYDP01000028.1,267000,295000,101,971,0.10401647785787847,6.590753791916851
JYDP01000035.1,255000,282000,240,769,0.31209362808842656,6.508982962743721
