reference_name,start_range,end_range,count,total_count,proportion,z_score
JABSTQ010009604.1,1214000,1237000,10,124,0.08064516129032258,5.505087598807442
JABSTQ010010793.1,2776000,2801000,11,125,0.088,5.91147141734631
JABSTQ010010120.1,1961000,1984000,13,102,0.12745098039215685,6.3408766844723345
