reference_name,start_range,end_range,count,total_count,proportion,z_score
CP080482.1,1277000,1300000,72,1312,0.054878048780487805,6.22872592527622
CP080482.1,473000,495000,65,1312,0.04954268292682927,5.578074289527609
CP080489.1,119000,140000,61,1101,0.055404178019981834,5.143421047174468
CP080482.1,4058000,4082000,74,1312,0.056402439024390245,6.414626392632965
CP080482.1,354000,376000,59,1312,0.04496951219512195,5.020372887457371
